[{"model": "admin.logentry", "pk": 1, "fields": {"action_time": "2022-06-27T21:55:54.214Z", "user": 1, "content_type": 7, "object_id": "1", "object_repr": "Problems object (1)", "action_flag": 1, "change_message": "[{\"added\": {}}]"}}, {"model": "admin.logentry", "pk": 2, "fields": {"action_time": "2022-06-27T22:02:34.090Z", "user": 1, "content_type": 7, "object_id": "2", "object_repr": "abdsgs", "action_flag": 1, "change_message": "[{\"added\": {}}]"}}, {"model": "admin.logentry", "pk": 3, "fields": {"action_time": "2022-06-27T22:02:52.140Z", "user": 1, "content_type": 9, "object_id": "1", "object_repr": "Random Problem", "action_flag": 1, "change_message": "[{\"added\": {}}]"}}, {"model": "admin.logentry", "pk": 4, "fields": {"action_time": "2022-06-28T16:19:11.358Z", "user": 1, "content_type": 7, "object_id": "2", "object_repr": "abdsgs", "action_flag": 3, "change_message": ""}}, {"model": "admin.logentry", "pk": 5, "fields": {"action_time": "2022-06-28T16:19:11.369Z", "user": 1, "content_type": 7, "object_id": "1", "object_repr": "Random Problem", "action_flag": 3, "change_message": ""}}, {"model": "admin.logentry", "pk": 6, "fields": {"action_time": "2022-06-28T16:20:49.275Z", "user": 1, "content_type": 7, "object_id": "3", "object_repr": "Sum of Array", "action_flag": 1, "change_message": "[{\"added\": {}}]"}}, {"model": "admin.logentry", "pk": 7, "fields": {"action_time": "2022-06-28T16:21:29.428Z", "user": 1, "content_type": 7, "object_id": "4", "object_repr": "Sum of Two Numbers", "action_flag": 1, "change_message": "[{\"added\": {}}]"}}, {"model": "admin.logentry", "pk": 8, "fields": {"action_time": "2022-06-30T07:19:53.286Z", "user": 1, "content_type": 8, "object_id": "1", "object_repr": "Sum of Two Numbers", "action_flag": 1, "change_message": "[{\"added\": {}}]"}}, {"model": "admin.logentry", "pk": 9, "fields": {"action_time": "2022-06-30T07:20:03.760Z", "user": 1, "content_type": 8, "object_id": "2", "object_repr": "Sum of Two Numbers", "action_flag": 1, "change_message": "[{\"added\": {}}]"}}, {"model": "admin.logentry", "pk": 10, "fields": {"action_time": "2022-06-30T07:20:12.558Z", "user": 1, "content_type": 8, "object_id": "3", "object_repr": "Sum of Two Numbers", "action_flag": 1, "change_message": "[{\"added\": {}}]"}}, {"model": "admin.logentry", "pk": 11, "fields": {"action_time": "2022-06-30T07:20:28.216Z", "user": 1, "content_type": 8, "object_id": "4", "object_repr": "Sum of Two Numbers", "action_flag": 1, "change_message": "[{\"added\": {}}]"}}, {"model": "admin.logentry", "pk": 12, "fields": {"action_time": "2022-06-30T07:49:44.310Z", "user": 1, "content_type": 9, "object_id": "3", "object_repr": "Sum of Two Numbers", "action_flag": 3, "change_message": ""}}, {"model": "admin.logentry", "pk": 13, "fields": {"action_time": "2022-06-30T07:49:44.326Z", "user": 1, "content_type": 9, "object_id": "2", "object_repr": "Sum of Two Numbers", "action_flag": 3, "change_message": ""}}, {"model": "admin.logentry", "pk": 14, "fields": {"action_time": "2022-07-01T10:57:52.779Z", "user": 1, "content_type": 11, "object_id": "1", "object_repr": "Sum of Two Numbers", "action_flag": 1, "change_message": "[{\"added\": {}}]"}}, {"model": "admin.logentry", "pk": 15, "fields": {"action_time": "2022-07-01T10:58:04.283Z", "user": 1, "content_type": 11, "object_id": "2", "object_repr": "Sum of Array", "action_flag": 1, "change_message": "[{\"added\": {}}]"}}, {"model": "admin.logentry", "pk": 16, "fields": {"action_time": "2022-07-01T10:58:18.788Z", "user": 1, "content_type": 13, "object_id": "1", "object_repr": "Sum of Two Numbers", "action_flag": 1, "change_message": "[{\"added\": {}}]"}}, {"model": "admin.logentry", "pk": 17, "fields": {"action_time": "2022-07-01T10:58:29.774Z", "user": 1, "content_type": 13, "object_id": "2", "object_repr": "Sum of Two Numbers", "action_flag": 1, "change_message": "[{\"added\": {}}]"}}, {"model": "admin.logentry", "pk": 18, "fields": {"action_time": "2022-07-01T10:58:42.245Z", "user": 1, "content_type": 13, "object_id": "3", "object_repr": "Sum of Two Numbers", "action_flag": 1, "change_message": "[{\"added\": {}}]"}}, {"model": "admin.logentry", "pk": 19, "fields": {"action_time": "2022-07-01T10:58:57.058Z", "user": 1, "content_type": 13, "object_id": "4", "object_repr": "Sum of Two Numbers", "action_flag": 1, "change_message": "[{\"added\": {}}]"}}, {"model": "admin.logentry", "pk": 20, "fields": {"action_time": "2022-07-04T16:36:43.307Z", "user": 1, "content_type": 13, "object_id": "4", "object_repr": "Sum of Two Numbers", "action_flag": 3, "change_message": ""}}, {"model": "admin.logentry", "pk": 21, "fields": {"action_time": "2022-07-04T16:36:43.319Z", "user": 1, "content_type": 13, "object_id": "3", "object_repr": "Sum of Two Numbers", "action_flag": 3, "change_message": ""}}, {"model": "admin.logentry", "pk": 22, "fields": {"action_time": "2022-07-04T16:36:43.326Z", "user": 1, "content_type": 13, "object_id": "2", "object_repr": "Sum of Two Numbers", "action_flag": 3, "change_message": ""}}, {"model": "admin.logentry", "pk": 23, "fields": {"action_time": "2022-07-04T16:36:43.333Z", "user": 1, "content_type": 13, "object_id": "1", "object_repr": "Sum of Two Numbers", "action_flag": 3, "change_message": ""}}, {"model": "admin.logentry", "pk": 24, "fields": {"action_time": "2022-07-04T16:46:10.676Z", "user": 1, "content_type": 12, "object_id": "6", "object_repr": "Sum of Two Numbers", "action_flag": 3, "change_message": ""}}, {"model": "admin.logentry", "pk": 25, "fields": {"action_time": "2022-07-04T16:46:10.690Z", "user": 1, "content_type": 12, "object_id": "5", "object_repr": "Sum of Two Numbers", "action_flag": 3, "change_message": ""}}, {"model": "admin.logentry", "pk": 26, "fields": {"action_time": "2022-07-04T16:46:10.698Z", "user": 1, "content_type": 12, "object_id": "4", "object_repr": "Sum of Two Numbers", "action_flag": 3, "change_message": ""}}, {"model": "admin.logentry", "pk": 27, "fields": {"action_time": "2022-07-04T16:46:10.707Z", "user": 1, "content_type": 12, "object_id": "3", "object_repr": "Sum of Two Numbers", "action_flag": 3, "change_message": ""}}, {"model": "admin.logentry", "pk": 28, "fields": {"action_time": "2022-07-04T16:46:10.716Z", "user": 1, "content_type": 12, "object_id": "2", "object_repr": "Sum of Two Numbers", "action_flag": 3, "change_message": ""}}, {"model": "admin.logentry", "pk": 29, "fields": {"action_time": "2022-07-04T16:46:10.727Z", "user": 1, "content_type": 12, "object_id": "1", "object_repr": "Sum of Two Numbers", "action_flag": 3, "change_message": ""}}, {"model": "admin.logentry", "pk": 30, "fields": {"action_time": "2022-07-04T22:22:59.893Z", "user": 1, "content_type": 13, "object_id": "1", "object_repr": "Sum of Two Numbers", "action_flag": 1, "change_message": "[{\"added\": {}}]"}}, {"model": "admin.logentry", "pk": 31, "fields": {"action_time": "2022-07-05T09:03:57.193Z", "user": 1, "content_type": 13, "object_id": "2", "object_repr": "Sum of Two Numbers", "action_flag": 1, "change_message": "[{\"added\": {}}]"}}, {"model": "admin.logentry", "pk": 32, "fields": {"action_time": "2022-07-07T11:57:47.257Z", "user": 1, "content_type": 13, "object_id": "3", "object_repr": "Sum of Array", "action_flag": 1, "change_message": "[{\"added\": {}}]"}}, {"model": "admin.logentry", "pk": 33, "fields": {"action_time": "2022-07-07T11:57:56.941Z", "user": 1, "content_type": 13, "object_id": "4", "object_repr": "Sum of Array", "action_flag": 1, "change_message": "[{\"added\": {}}]"}}, {"model": "admin.logentry", "pk": 34, "fields": {"action_time": "2022-07-14T10:59:11.044Z", "user": 1, "content_type": 11, "object_id": "3", "object_repr": "Hello World", "action_flag": 1, "change_message": "[{\"added\": {}}]"}}, {"model": "admin.logentry", "pk": 35, "fields": {"action_time": "2022-07-14T11:00:43.868Z", "user": 1, "content_type": 13, "object_id": "5", "object_repr": "Hello World", "action_flag": 1, "change_message": "[{\"added\": {}}]"}}, {"model": "admin.logentry", "pk": 36, "fields": {"action_time": "2022-07-14T11:17:42.660Z", "user": 1, "content_type": 11, "object_id": "4", "object_repr": "IO", "action_flag": 1, "change_message": "[{\"added\": {}}]"}}, {"model": "admin.logentry", "pk": 37, "fields": {"action_time": "2022-07-14T11:19:34.924Z", "user": 1, "content_type": 13, "object_id": "6", "object_repr": "IO", "action_flag": 1, "change_message": "[{\"added\": {}}]"}}, {"model": "admin.logentry", "pk": 38, "fields": {"action_time": "2022-07-14T11:19:43.688Z", "user": 1, "content_type": 13, "object_id": "7", "object_repr": "IO", "action_flag": 1, "change_message": "[{\"added\": {}}]"}}, {"model": "admin.logentry", "pk": 39, "fields": {"action_time": "2022-07-14T12:16:35.651Z", "user": 1, "content_type": 11, "object_id": "5", "object_repr": "Product", "action_flag": 1, "change_message": "[{\"added\": {}}]"}}, {"model": "admin.logentry", "pk": 40, "fields": {"action_time": "2022-07-14T12:18:57.208Z", "user": 1, "content_type": 13, "object_id": "8", "object_repr": "Product", "action_flag": 1, "change_message": "[{\"added\": {}}]"}}, {"model": "auth.permission", "pk": 1, "fields": {"name": "Can add log entry", "content_type": 1, "codename": "add_logentry"}}, {"model": "auth.permission", "pk": 2, "fields": {"name": "Can change log entry", "content_type": 1, "codename": "change_logentry"}}, {"model": "auth.permission", "pk": 3, "fields": {"name": "Can delete log entry", "content_type": 1, "codename": "delete_logentry"}}, {"model": "auth.permission", "pk": 4, "fields": {"name": "Can view log entry", "content_type": 1, "codename": "view_logentry"}}, {"model": "auth.permission", "pk": 5, "fields": {"name": "Can add permission", "content_type": 2, "codename": "add_permission"}}, {"model": "auth.permission", "pk": 6, "fields": {"name": "Can change permission", "content_type": 2, "codename": "change_permission"}}, {"model": "auth.permission", "pk": 7, "fields": {"name": "Can delete permission", "content_type": 2, "codename": "delete_permission"}}, {"model": "auth.permission", "pk": 8, "fields": {"name": "Can view permission", "content_type": 2, "codename": "view_permission"}}, {"model": "auth.permission", "pk": 9, "fields": {"name": "Can add group", "content_type": 3, "codename": "add_group"}}, {"model": "auth.permission", "pk": 10, "fields": {"name": "Can change group", "content_type": 3, "codename": "change_group"}}, {"model": "auth.permission", "pk": 11, "fields": {"name": "Can delete group", "content_type": 3, "codename": "delete_group"}}, {"model": "auth.permission", "pk": 12, "fields": {"name": "Can view group", "content_type": 3, "codename": "view_group"}}, {"model": "auth.permission", "pk": 13, "fields": {"name": "Can add user", "content_type": 4, "codename": "add_user"}}, {"model": "auth.permission", "pk": 14, "fields": {"name": "Can change user", "content_type": 4, "codename": "change_user"}}, {"model": "auth.permission", "pk": 15, "fields": {"name": "Can delete user", "content_type": 4, "codename": "delete_user"}}, {"model": "auth.permission", "pk": 16, "fields": {"name": "Can view user", "content_type": 4, "codename": "view_user"}}, {"model": "auth.permission", "pk": 17, "fields": {"name": "Can add content type", "content_type": 5, "codename": "add_contenttype"}}, {"model": "auth.permission", "pk": 18, "fields": {"name": "Can change content type", "content_type": 5, "codename": "change_contenttype"}}, {"model": "auth.permission", "pk": 19, "fields": {"name": "Can delete content type", "content_type": 5, "codename": "delete_contenttype"}}, {"model": "auth.permission", "pk": 20, "fields": {"name": "Can view content type", "content_type": 5, "codename": "view_contenttype"}}, {"model": "auth.permission", "pk": 21, "fields": {"name": "Can add session", "content_type": 6, "codename": "add_session"}}, {"model": "auth.permission", "pk": 22, "fields": {"name": "Can change session", "content_type": 6, "codename": "change_session"}}, {"model": "auth.permission", "pk": 23, "fields": {"name": "Can delete session", "content_type": 6, "codename": "delete_session"}}, {"model": "auth.permission", "pk": 24, "fields": {"name": "Can view session", "content_type": 6, "codename": "view_session"}}, {"model": "auth.permission", "pk": 25, "fields": {"name": "Can add problems", "content_type": 7, "codename": "add_problems"}}, {"model": "auth.permission", "pk": 26, "fields": {"name": "Can change problems", "content_type": 7, "codename": "change_problems"}}, {"model": "auth.permission", "pk": 27, "fields": {"name": "Can delete problems", "content_type": 7, "codename": "delete_problems"}}, {"model": "auth.permission", "pk": 28, "fields": {"name": "Can view problems", "content_type": 7, "codename": "view_problems"}}, {"model": "auth.permission", "pk": 29, "fields": {"name": "Can add test cases", "content_type": 8, "codename": "add_testcases"}}, {"model": "auth.permission", "pk": 30, "fields": {"name": "Can change test cases", "content_type": 8, "codename": "change_testcases"}}, {"model": "auth.permission", "pk": 31, "fields": {"name": "Can delete test cases", "content_type": 8, "codename": "delete_testcases"}}, {"model": "auth.permission", "pk": 32, "fields": {"name": "Can view test cases", "content_type": 8, "codename": "view_testcases"}}, {"model": "auth.permission", "pk": 33, "fields": {"name": "Can add solutions", "content_type": 9, "codename": "add_solutions"}}, {"model": "auth.permission", "pk": 34, "fields": {"name": "Can change solutions", "content_type": 9, "codename": "change_solutions"}}, {"model": "auth.permission", "pk": 35, "fields": {"name": "Can delete solutions", "content_type": 9, "codename": "delete_solutions"}}, {"model": "auth.permission", "pk": 36, "fields": {"name": "Can view solutions", "content_type": 9, "codename": "view_solutions"}}, {"model": "auth.permission", "pk": 37, "fields": {"name": "Can add problem", "content_type": 7, "codename": "add_problem"}}, {"model": "auth.permission", "pk": 38, "fields": {"name": "Can change problem", "content_type": 7, "codename": "change_problem"}}, {"model": "auth.permission", "pk": 39, "fields": {"name": "Can delete problem", "content_type": 7, "codename": "delete_problem"}}, {"model": "auth.permission", "pk": 40, "fields": {"name": "Can view problem", "content_type": 7, "codename": "view_problem"}}, {"model": "auth.permission", "pk": 41, "fields": {"name": "Can add solution", "content_type": 9, "codename": "add_solution"}}, {"model": "auth.permission", "pk": 42, "fields": {"name": "Can change solution", "content_type": 9, "codename": "change_solution"}}, {"model": "auth.permission", "pk": 43, "fields": {"name": "Can delete solution", "content_type": 9, "codename": "delete_solution"}}, {"model": "auth.permission", "pk": 44, "fields": {"name": "Can view solution", "content_type": 9, "codename": "view_solution"}}, {"model": "auth.permission", "pk": 45, "fields": {"name": "Can add test case", "content_type": 8, "codename": "add_testcase"}}, {"model": "auth.permission", "pk": 46, "fields": {"name": "Can change test case", "content_type": 8, "codename": "change_testcase"}}, {"model": "auth.permission", "pk": 47, "fields": {"name": "Can delete test case", "content_type": 8, "codename": "delete_testcase"}}, {"model": "auth.permission", "pk": 48, "fields": {"name": "Can view test case", "content_type": 8, "codename": "view_testcase"}}, {"model": "auth.permission", "pk": 49, "fields": {"name": "Can add submission", "content_type": 10, "codename": "add_submission"}}, {"model": "auth.permission", "pk": 50, "fields": {"name": "Can change submission", "content_type": 10, "codename": "change_submission"}}, {"model": "auth.permission", "pk": 51, "fields": {"name": "Can delete submission", "content_type": 10, "codename": "delete_submission"}}, {"model": "auth.permission", "pk": 52, "fields": {"name": "Can view submission", "content_type": 10, "codename": "view_submission"}}, {"model": "auth.permission", "pk": 53, "fields": {"name": "Can add problem", "content_type": 11, "codename": "add_problem"}}, {"model": "auth.permission", "pk": 54, "fields": {"name": "Can change problem", "content_type": 11, "codename": "change_problem"}}, {"model": "auth.permission", "pk": 55, "fields": {"name": "Can delete problem", "content_type": 11, "codename": "delete_problem"}}, {"model": "auth.permission", "pk": 56, "fields": {"name": "Can view problem", "content_type": 11, "codename": "view_problem"}}, {"model": "auth.permission", "pk": 57, "fields": {"name": "Can add submission", "content_type": 12, "codename": "add_submission"}}, {"model": "auth.permission", "pk": 58, "fields": {"name": "Can change submission", "content_type": 12, "codename": "change_submission"}}, {"model": "auth.permission", "pk": 59, "fields": {"name": "Can delete submission", "content_type": 12, "codename": "delete_submission"}}, {"model": "auth.permission", "pk": 60, "fields": {"name": "Can view submission", "content_type": 12, "codename": "view_submission"}}, {"model": "auth.permission", "pk": 61, "fields": {"name": "Can add test case", "content_type": 13, "codename": "add_testcase"}}, {"model": "auth.permission", "pk": 62, "fields": {"name": "Can change test case", "content_type": 13, "codename": "change_testcase"}}, {"model": "auth.permission", "pk": 63, "fields": {"name": "Can delete test case", "content_type": 13, "codename": "delete_testcase"}}, {"model": "auth.permission", "pk": 64, "fields": {"name": "Can view test case", "content_type": 13, "codename": "view_testcase"}}, {"model": "auth.user", "pk": 1, "fields": {"password": "pbkdf2_sha256$320000$e7rGbJMSmq1IDIS51QQcRB$KgFVbMTb8vYI8A7JgyFBoqNTRzCgpRZFglRTBHf0HzI=", "last_login": "2022-08-17T15:28:27.894Z", "is_superuser": true, "username": "samarthpillai", "first_name": "", "last_name": "", "email": "abc@gmail.com", "is_staff": true, "is_active": true, "date_joined": "2022-06-27T21:54:56.677Z", "groups": [], "user_permissions": []}}, {"model": "auth.user", "pk": 2, "fields": {"password": "pbkdf2_sha256$260000$Z4tQGNPFcIWAk2busNkWsB$ISqzn+6l9THd2BNq+jxM0o49yL/EIZb9wQRGj7t2XC0=", "last_login": "2022-07-07T10:55:42.918Z", "is_superuser": false, "username": "sp12", "first_name": "", "last_name": "", "email": "sp@gmail.com", "is_staff": false, "is_active": true, "date_joined": "2022-07-06T15:14:40.365Z", "groups": [], "user_permissions": []}}, {"model": "contenttypes.contenttype", "pk": 1, "fields": {"app_label": "admin", "model": "logentry"}}, {"model": "contenttypes.contenttype", "pk": 2, "fields": {"app_label": "auth", "model": "permission"}}, {"model": "contenttypes.contenttype", "pk": 3, "fields": {"app_label": "auth", "model": "group"}}, {"model": "contenttypes.contenttype", "pk": 4, "fields": {"app_label": "auth", "model": "user"}}, {"model": "contenttypes.contenttype", "pk": 5, "fields": {"app_label": "contenttypes", "model": "contenttype"}}, {"model": "contenttypes.contenttype", "pk": 6, "fields": {"app_label": "sessions", "model": "session"}}, {"model": "contenttypes.contenttype", "pk": 7, "fields": {"app_label": "Login", "model": "problem"}}, {"model": "contenttypes.contenttype", "pk": 8, "fields": {"app_label": "Login", "model": "testcase"}}, {"model": "contenttypes.contenttype", "pk": 9, "fields": {"app_label": "Login", "model": "solution"}}, {"model": "contenttypes.contenttype", "pk": 10, "fields": {"app_label": "Login", "model": "submission"}}, {"model": "contenttypes.contenttype", "pk": 11, "fields": {"app_label": "judge", "model": "problem"}}, {"model": "contenttypes.contenttype", "pk": 12, "fields": {"app_label": "judge", "model": "submission"}}, {"model": "contenttypes.contenttype", "pk": 13, "fields": {"app_label": "judge", "model": "testcase"}}, {"model": "sessions.session", "pk": "0rnugjqw5z8gtwk7sml7p3zriiwzku4k", "fields": {"session_data": ".eJxVjMsOwiAQRf-FtSE8BIpL9_0GMswMUjU0Ke3K-O_apAvd3nPOfYkE21rT1nlJE4mLMOL0u2XAB7cd0B3abZY4t3WZstwVedAux5n4eT3cv4MKvX7rqIndQME5xU4pZaF4LvkcldYYCwJabdgaFzhjBAreW_IIhqOnIRvx_gDj8jgw:1o9Cd8:jq9q0wtaCEltRaPwBb3DGmWoi-64W0qTXbYuspYO8EE", "expire_date": "2022-07-20T21:32:18.448Z"}}, {"model": "sessions.session", "pk": "1jdnsyi22xzj1wvsqljt1dfxz4bfrxrx", "fields": {"session_data": ".eJxVjMsOwiAQRf-FtSE8BIpL9_0GMswMUjU0Ke3K-O_apAvd3nPOfYkE21rT1nlJE4mLMOL0u2XAB7cd0B3abZY4t3WZstwVedAux5n4eT3cv4MKvX7rqIndQME5xU4pZaF4LvkcldYYCwJabdgaFzhjBAreW_IIhqOnIRvx_gDj8jgw:1o9Cq1:S6ohirz1Dr_i47Zgx0KUV91svSNVPVnHOAbUZo1kqV8", "expire_date": "2022-07-20T21:45:37.381Z"}}, {"model": "sessions.session", "pk": "1rnkba0s6vdkqbw5gtqdc4vrn7zt0fxy", "fields": {"session_data": ".eJxVjMsOwiAQRf-FtSE8BIpL9_0GMswMUjU0Ke3K-O_apAvd3nPOfYkE21rT1nlJE4mLMOL0u2XAB7cd0B3abZY4t3WZstwVedAux5n4eT3cv4MKvX7rqIndQME5xU4pZaF4LvkcldYYCwJabdgaFzhjBAreW_IIhqOnIRvx_gDj8jgw:1o9CbT:jqqXuuAOzChkuEiWBnFmuBGcwXaDg9ZzLAXbMVRA54Q", "expire_date": "2022-07-20T21:30:35.286Z"}}, {"model": "sessions.session", "pk": "30y37xl3tsxanxoedzkngoq3p8be9k8o", "fields": {"session_data": ".eJxVjEEOwiAQRe_C2hCghQGX7j0DGWBGqoYmpV0Z765NutDtf-_9l4i4rTVunZY4FXEWWpx-t4T5QW0H5Y7tNss8t3WZktwVedAur3Oh5-Vw_w4q9vqts9KuWDUaskUlA6NSBA6tLj7kTCExIRPkkBw4l8izgRCAh2BgYPbi_QHlizgl:1oOKy3:hJPl6CxK8UN7Yah9LcrNGyw7YOnjOmeqY2c_ouYg1jc", "expire_date": "2022-08-31T15:28:27.910Z"}}, {"model": "sessions.session", "pk": "37uyr3f7zajuwfnh7lxse32sbtai1ab8", "fields": {"session_data": ".eJxVjEsOwjAMBe-SNYrqJLUbluw5Q2XHKSmgVOpnhbg7VOoCtm9m3sv0vK2l35Y896OaswFz-t2E0yPXHeid622yaarrPIrdFXvQxV4nzc_L4f4dFF7Kt47YAaFrkgyYyQX1ShA4BoUMLF0K3kPH1LYUW3SDiHfYJFBBih7BvD_Ejzbm:1oAnF5:yjrZym6rY1CNnA6AQ6JQt-oSNg1gq0S2Y1qSHP_TxSk", "expire_date": "2022-07-25T06:50:03.199Z"}}, {"model": "sessions.session", "pk": "3n1q4dddpsaikf25jgzaeojcwobp9ep1", "fields": {"session_data": ".eJxVjMsOwiAQRf-FtSE8BIpL9_0GMswMUjU0Ke3K-O_apAvd3nPOfYkE21rT1nlJE4mLMOL0u2XAB7cd0B3abZY4t3WZstwVedAux5n4eT3cv4MKvX7rqIndQME5xU4pZaF4LvkcldYYCwJabdgaFzhjBAreW_IIhqOnIRvx_gDj8jgw:1o9Nvn:AAKjB7TkNlxTJ1gdh0awyraUWejcGyFtyI2URxoRMh8", "expire_date": "2022-07-21T09:36:19.198Z"}}, {"model": "sessions.session", "pk": "5vl29vygak7ssuporo1dsfs4ma1lo5hs", "fields": {"session_data": ".eJxVjMsOwiAQRf-FtSE8BIpL9_0GMswMUjU0Ke3K-O_apAvd3nPOfYkE21rT1nlJE4mLMOL0u2XAB7cd0B3abZY4t3WZstwVedAux5n4eT3cv4MKvX7rqIndQME5xU4pZaF4LvkcldYYCwJabdgaFzhjBAreW_IIhqOnIRvx_gDj8jgw:1o9DZ8:RfwYkrtwXExrtYMdhTe1dpjZ2HnGINhEZzghqo5i4S8", "expire_date": "2022-07-20T22:32:14.983Z"}}, {"model": "sessions.session", "pk": "bxeoqn4k2uz6vuce7hujstlwkb68joyj", "fields": {"session_data": ".eJxVjDsOwjAQBe_iGll2_Kek5wzWeneNAyiW8qkQd4dIKaB9M_NeIsO2trwtPOeRxFlocfrdCuCDpx3QHaZbl9indR6L3BV50EVeO_Hzcrh_Bw2W9q0T2lCtT2QGpW2kgEw6RjYqVT-QCgGqd0YHh7qwK0CYIgeEyLFaVcX7A9bLOB4:1o5whU:yZflFXzCvbqAHAVHgReQjX2UMEVz0mR0cP3nRdXaOlY", "expire_date": "2022-07-11T21:55:20.962Z"}}, {"model": "sessions.session", "pk": "i8d2f5dcns1c4mndo1ayosptsut0nr32", "fields": {"session_data": "e30:1o9Ciw:5BCA5S8FTD7y9EHZSNZkrGVar0mPi_me0JUP1ELojaU", "expire_date": "2022-07-20T21:38:18.980Z"}}, {"model": "sessions.session", "pk": "i9xf97qt0nq5d1raeccdz24l5m5718uf", "fields": {"session_data": ".eJxVjMsOwiAQRf-FtSE8BIpL9_0GMswMUjU0Ke3K-O_apAvd3nPOfYkE21rT1nlJE4mLMOL0u2XAB7cd0B3abZY4t3WZstwVedAux5n4eT3cv4MKvX7rqIndQME5xU4pZaF4LvkcldYYCwJabdgaFzhjBAreW_IIhqOnIRvx_gDj8jgw:1o9PAc:PiLsrbbx2o0T074wfXSnRWi68DHmrLrbgLCUYviVy7U", "expire_date": "2022-07-21T10:55:42.926Z"}}, {"model": "sessions.session", "pk": "jox093n6fuggi31az6srtia9cf6lzo32", "fields": {"session_data": ".eJxVjEsOwjAMBe-SNYrqJLUbluw5Q2XHKSmgVOpnhbg7VOoCtm9m3sv0vK2l35Y896OaswFz-t2E0yPXHeid622yaarrPIrdFXvQxV4nzc_L4f4dFF7Kt47YAaFrkgyYyQX1ShA4BoUMLF0K3kPH1LYUW3SDiHfYJFBBih7BvD_Ejzbm:1oAnRu:K2-yVjmxWtEa7S4gYXKBmbErduJzxVi0rgftwg7FtKY", "expire_date": "2022-07-25T07:03:18.256Z"}}, {"model": "sessions.session", "pk": "k0y5kzw2gqohsrwsc20c8ck9nrq1qa6y", "fields": {"session_data": ".eJxVjEsOwjAMBe-SNYrqJLUbluw5Q2XHKSmgVOpnhbg7VOoCtm9m3sv0vK2l35Y896OaswFz-t2E0yPXHeid622yaarrPIrdFXvQxV4nzc_L4f4dFF7Kt47YAaFrkgyYyQX1ShA4BoUMLF0K3kPH1LYUW3SDiHfYJFBBih7BvD_Ejzbm:1oAn6l:QEzFT4prpdEMuoxNIzJ0jiMhUWNI7-EypLEbEBxVFQY", "expire_date": "2022-07-25T06:41:27.652Z"}}, {"model": "sessions.session", "pk": "lv734q3zhpqg9l59roayu32rz0eb4u9w", "fields": {"session_data": ".eJxVjMsOwiAQRf-FtSE8BIpL9_0GMswMUjU0Ke3K-O_apAvd3nPOfYkE21rT1nlJE4mLMOL0u2XAB7cd0B3abZY4t3WZstwVedAux5n4eT3cv4MKvX7rqIndQME5xU4pZaF4LvkcldYYCwJabdgaFzhjBAreW_IIhqOnIRvx_gDj8jgw:1o9Cf6:Zpfw09L5v9vVlMjA9UFJ0a22X_xhicQdJ6F72l9F2g0", "expire_date": "2022-07-20T21:34:20.268Z"}}, {"model": "sessions.session", "pk": "pliyll4bz9f3zaxk681q728opj8dkvrw", "fields": {"session_data": ".eJxVjEEOwiAQRe_C2hCghQGX7j0DGWBGqoYmpV0Z765NutDtf-_9l4i4rTVunZY4FXEWWpx-t4T5QW0H5Y7tNss8t3WZktwVedAur3Oh5-Vw_w4q9vqts9KuWDUaskUlA6NSBA6tLj7kTCExIRPkkBw4l8izgRCAh2BgYPbi_QHlizgl:1oBN1N:24A8ZEYlesWZZWVA2R6crTXNlvSaChA2m2cf3sd_uwo", "expire_date": "2022-07-26T21:02:17.745Z"}}, {"model": "sessions.session", "pk": "r5b6j9t8ad9lcf8fwitlzxinm6iwwezg", "fields": {"session_data": ".eJxVjMsOwiAQRf-FtSE8BIpL9_0GMswMUjU0Ke3K-O_apAvd3nPOfYkE21rT1nlJE4mLMOL0u2XAB7cd0B3abZY4t3WZstwVedAux5n4eT3cv4MKvX7rqIndQME5xU4pZaF4LvkcldYYCwJabdgaFzhjBAreW_IIhqOnIRvx_gDj8jgw:1o9CNZ:ZQOPHjgflOXA6fmR5pl3_QcXhfGbeglojR0qnTEKB8w", "expire_date": "2022-07-20T21:16:13.680Z"}}, {"model": "sessions.session", "pk": "t5ijsidqukjvw2vdlmqwgwk9mz7h4sf8", "fields": {"session_data": ".eJxVjMsOwiAQRf-FtSE8BIpL9_0GMswMUjU0Ke3K-O_apAvd3nPOfYkE21rT1nlJE4mLMOL0u2XAB7cd0B3abZY4t3WZstwVedAux5n4eT3cv4MKvX7rqIndQME5xU4pZaF4LvkcldYYCwJabdgaFzhjBAreW_IIhqOnIRvx_gDj8jgw:1o9CkQ:YiGQxDSoAUeAOk4ZqPYJbHTrvqoc_CoMk5T4s3QZzzY", "expire_date": "2022-07-20T21:39:50.168Z"}}, {"model": "sessions.session", "pk": "ydkmmib4ccg8v87gnlp6zfxu5e8a1yu1", "fields": {"session_data": ".eJxVjMsOwiAQRf-FtSE8BIpL9_0GMswMUjU0Ke3K-O_apAvd3nPOfYkE21rT1nlJE4mLMOL0u2XAB7cd0B3abZY4t3WZstwVedAux5n4eT3cv4MKvX7rqIndQME5xU4pZaF4LvkcldYYCwJabdgaFzhjBAreW_IIhqOnIRvx_gDj8jgw:1o9CaM:wmHM1Piy4eetes8yyDJmNJtGAtOMzUZCKGWLPLrMUGw", "expire_date": "2022-07-20T21:29:26.236Z"}}, {"model": "sessions.session", "pk": "yx1czrteif5jo45khv9kj3kdb6u9b1pk", "fields": {"session_data": ".eJxVjMsOwiAQRf-FtSEMb1y69xvIAINUDU1KuzL-uzbpQrf3nHNfLOK2trgNWuJU2JkBO_1uCfOD-g7KHftt5nnu6zIlviv8oINf50LPy-H-HTQc7Vsr5WQIoVabdEUKSQBqctVagQY8IFkhjIRECCCUSxLR6qy9Ucb6Gtj7A9VLNzs:1o9Q5i:uwgxI072s8Fi_3zpYFRwciwuBIfcNl9LqUFoU3XafwU", "expire_date": "2022-07-21T11:54:42.549Z"}}, {"model": "judge.problem", "pk": 1, "fields": {"title": "Sum of Two Numbers", "statement": "Given two numbers a and b. Print the sum c = a + b of the numbers", "difficulty": 2}}, {"model": "judge.problem", "pk": 2, "fields": {"title": "Sum of Array", "statement": "Given a sequence A. Print the sum of all its elements", "difficulty": 10}}, {"model": "judge.problem", "pk": 3, "fields": {"title": "Hello World", "statement": "Print Hello World.", "difficulty": 0}}, {"model": "judge.problem", "pk": 4, "fields": {"title": "IO", "statement": "Input a number and print it", "difficulty": 10}}, {"model": "judge.problem", "pk": 5, "fields": {"title": "Product", "statement": "Given two numbers a and b, print their products c = a x b", "difficulty": 10}}, {"model": "judge.submission", "pk": 1, "fields": {"problem": 1, "verdict": "AC", "submitted_at": "2022-07-05T08:45:36.537Z", "language": "java", "submission": "C:\\users\\pilla\\ojfiles\\submissions\\1\\trial.java"}}, {"model": "judge.submission", "pk": 2, "fields": {"problem": 1, "verdict": "AC", "submitted_at": "2022-07-05T08:47:21.649Z", "language": "java", "submission": "C:\\users\\pilla\\ojfiles\\submissions\\2\\trial.java"}}, {"model": "judge.submission", "pk": 3, "fields": {"problem": 1, "verdict": "AC", "submitted_at": "2022-07-05T08:48:35.698Z", "language": "java", "submission": "C:\\users\\pilla\\ojfiles\\submissions\\3\\trial.java"}}, {"model": "judge.submission", "pk": 4, "fields": {"problem": 1, "verdict": "AC", "submitted_at": "2022-07-05T08:49:29.735Z", "language": "cpp", "submission": "C:\\users\\pilla\\ojfiles\\submissions\\4\\trial.cpp"}}, {"model": "judge.submission", "pk": 5, "fields": {"problem": 1, "verdict": "AC", "submitted_at": "2022-07-05T08:50:39.655Z", "language": "python", "submission": "C:\\users\\pilla\\ojfiles\\submissions\\5\\trial1.py"}}, {"model": "judge.submission", "pk": 6, "fields": {"problem": 1, "verdict": "WA", "submitted_at": "2022-07-05T08:50:52.039Z", "language": "python", "submission": "C:\\users\\pilla\\ojfiles\\submissions\\6\\trial.cpp"}}, {"model": "judge.submission", "pk": 7, "fields": {"problem": 1, "verdict": "AC", "submitted_at": "2022-07-05T08:57:13.120Z", "language": "java", "submission": "C:\\users\\pilla\\ojfiles\\submissions\\7\\trial.java"}}, {"model": "judge.submission", "pk": 8, "fields": {"problem": 1, "verdict": "AC", "submitted_at": "2022-07-05T09:03:32.714Z", "language": "java", "submission": "C:\\users\\pilla\\ojfiles\\submissions\\8\\trial.java"}}, {"model": "judge.submission", "pk": 9, "fields": {"problem": 1, "verdict": "AC", "submitted_at": "2022-07-05T09:04:28.751Z", "language": "cpp", "submission": "C:\\users\\pilla\\ojfiles\\submissions\\9\\trial.cpp"}}, {"model": "judge.submission", "pk": 10, "fields": {"problem": 1, "verdict": "AC", "submitted_at": "2022-07-06T17:45:47.239Z", "language": "cpp", "submission": "C:\\users\\pilla\\ojfiles\\submissions\\10\\trial.cpp"}}, {"model": "judge.submission", "pk": 11, "fields": {"problem": 1, "verdict": "AC", "submitted_at": "2022-07-06T20:36:00.960Z", "language": "cpp", "submission": "C:\\users\\pilla\\ojfiles\\submissions\\11\\trial.cpp"}}, {"model": "judge.submission", "pk": 12, "fields": {"problem": 1, "verdict": "AC", "submitted_at": "2022-07-06T20:36:42.818Z", "language": "cpp", "submission": "C:\\users\\pilla\\ojfiles\\submissions\\12\\trial.cpp"}}, {"model": "judge.submission", "pk": 13, "fields": {"problem": 1, "verdict": "AC", "submitted_at": "2022-07-06T20:37:17.676Z", "language": "cpp", "submission": "C:\\users\\pilla\\ojfiles\\submissions\\13\\trial.cpp"}}, {"model": "judge.submission", "pk": 14, "fields": {"problem": 1, "verdict": "AC", "submitted_at": "2022-07-06T20:37:52.204Z", "language": "cpp", "submission": "C:\\users\\pilla\\ojfiles\\submissions\\14\\trial.cpp"}}, {"model": "judge.submission", "pk": 15, "fields": {"problem": 1, "verdict": "AC", "submitted_at": "2022-07-06T20:38:28.953Z", "language": "cpp", "submission": "C:\\users\\pilla\\ojfiles\\submissions\\15\\trial.cpp"}}, {"model": "judge.submission", "pk": 16, "fields": {"problem": 1, "verdict": "AC", "submitted_at": "2022-07-06T21:07:05.686Z", "language": "cpp", "submission": "C:\\users\\pilla\\ojfiles\\submissions\\16\\trial.cpp"}}, {"model": "judge.submission", "pk": 17, "fields": {"problem": 1, "verdict": "AC", "submitted_at": "2022-07-06T21:17:29.163Z", "language": "java", "submission": "C:\\users\\pilla\\ojfiles\\submissions\\17\\trial.java"}}, {"model": "judge.submission", "pk": 18, "fields": {"problem": 1, "verdict": "AC", "submitted_at": "2022-07-06T21:31:41.412Z", "language": "cpp", "submission": "C:\\users\\pilla\\ojfiles\\submissions\\18\\trial.cpp"}}, {"model": "judge.submission", "pk": 19, "fields": {"problem": 1, "verdict": "AC", "submitted_at": "2022-07-06T21:36:10.742Z", "language": "cpp", "submission": "C:\\users\\pilla\\ojfiles\\submissions\\19\\trial.cpp"}}, {"model": "judge.submission", "pk": 20, "fields": {"problem": 1, "verdict": "AC", "submitted_at": "2022-07-06T21:52:29.632Z", "language": "cpp", "submission": "C:\\users\\pilla\\ojfiles\\submissions\\20\\trial.cpp"}}, {"model": "judge.submission", "pk": 21, "fields": {"problem": 1, "verdict": "AC", "submitted_at": "2022-07-07T09:36:30.696Z", "language": "java", "submission": "C:\\users\\pilla\\ojfiles\\submissions\\21\\trial.java"}}, {"model": "judge.submission", "pk": 22, "fields": {"problem": 1, "verdict": "AC", "submitted_at": "2022-07-07T10:55:54.791Z", "language": "cpp", "submission": "C:\\users\\pilla\\ojfiles\\submissions\\22\\trial.cpp"}}, {"model": "judge.submission", "pk": 23, "fields": {"problem": 1, "verdict": "AC", "submitted_at": "2022-07-07T11:19:17.110Z", "language": "cpp", "submission": "C:\\users\\pilla\\ojfiles\\submissions\\23\\trial.cpp"}}, {"model": "judge.submission", "pk": 24, "fields": {"problem": 2, "verdict": "AC", "submitted_at": "2022-07-07T11:59:28.149Z", "language": "cpp", "submission": "C:\\users\\pilla\\ojfiles\\submissions\\24\\trial.cpp"}}, {"model": "judge.submission", "pk": 25, "fields": {"problem": 2, "verdict": "AC", "submitted_at": "2022-07-07T12:02:16.578Z", "language": "cpp", "submission": "C:\\users\\pilla\\ojfiles\\submissions\\25\\trial.cpp"}}, {"model": "judge.submission", "pk": 26, "fields": {"problem": 1, "verdict": "WA", "submitted_at": "2022-07-11T00:42:18.983Z", "language": "cpp", "submission": "C:\\users\\pilla\\ojfiles\\submissions\\26\\trial.cpp"}}, {"model": "judge.submission", "pk": 27, "fields": {"problem": 1, "verdict": "WA", "submitted_at": "2022-07-11T00:42:46.411Z", "language": "java", "submission": "C:\\users\\pilla\\ojfiles\\submissions\\27\\trial.java"}}, {"model": "judge.submission", "pk": 28, "fields": {"problem": 1, "verdict": "AC", "submitted_at": "2022-07-11T00:45:12.985Z", "language": "java", "submission": "C:\\users\\pilla\\ojfiles\\submissions\\28\\trial.java"}}, {"model": "judge.submission", "pk": 29, "fields": {"problem": 1, "verdict": "AC", "submitted_at": "2022-07-11T00:45:25.503Z", "language": "python", "submission": "C:\\users\\pilla\\ojfiles\\submissions\\29\\trial1.py"}}, {"model": "judge.submission", "pk": 30, "fields": {"problem": 1, "verdict": "AC", "submitted_at": "2022-07-11T06:38:43.155Z", "language": "java", "submission": "C:\\users\\pilla\\ojfiles\\submissions\\30\\trial.java"}}, {"model": "judge.submission", "pk": 31, "fields": {"problem": 1, "verdict": "WA", "submitted_at": "2022-07-11T06:41:38.694Z", "language": "cpp", "submission": "C:\\users\\pilla\\ojfiles\\submissions\\31\\trial.cpp"}}, {"model": "judge.submission", "pk": 32, "fields": {"problem": 1, "verdict": "WA", "submitted_at": "2022-07-11T07:02:24.529Z", "language": "cpp", "submission": "C:\\users\\pilla\\ojfiles\\submissions\\32\\trial.cpp"}}, {"model": "judge.submission", "pk": 33, "fields": {"problem": 1, "verdict": "AC", "submitted_at": "2022-07-11T07:02:41.423Z", "language": "java", "submission": "C:\\users\\pilla\\ojfiles\\submissions\\33\\trial.java"}}, {"model": "judge.submission", "pk": 34, "fields": {"problem": 1, "verdict": "AC", "submitted_at": "2022-07-12T22:03:49.557Z", "language": "cpp", "submission": "C:\\users\\pilla\\ojfiles\\submissions\\34\\trial_95kiPfh.cpp"}}, {"model": "judge.submission", "pk": 35, "fields": {"problem": 1, "verdict": "AC", "submitted_at": "2022-07-12T22:04:41.196Z", "language": "cpp", "submission": "C:\\users\\pilla\\ojfiles\\submissions\\35\\trial.cpp"}}, {"model": "judge.submission", "pk": 36, "fields": {"problem": 1, "verdict": "WA", "submitted_at": "2022-07-13T10:53:43.145Z", "language": "cpp", "submission": "C:\\users\\pilla\\ojfiles\\submissions\\36\\trial_ntFDJmJ.cpp"}}, {"model": "judge.submission", "pk": 37, "fields": {"problem": 1, "verdict": "WA", "submitted_at": "2022-07-13T11:54:18.591Z", "language": "cpp", "submission": "C:\\users\\pilla\\ojfiles\\submissions\\37\\trial_nhoI0AX.cpp"}}, {"model": "judge.submission", "pk": 38, "fields": {"problem": 1, "verdict": "WA", "submitted_at": "2022-07-13T11:57:32.339Z", "language": "cpp", "submission": "C:\\users\\pilla\\ojfiles\\submissions\\38\\trial.cpp"}}, {"model": "judge.submission", "pk": 39, "fields": {"problem": 1, "verdict": "WA", "submitted_at": "2022-07-13T12:11:40.739Z", "language": "cpp", "submission": "C:\\users\\pilla\\ojfiles\\submissions\\39\\trial.cpp"}}, {"model": "judge.submission", "pk": 40, "fields": {"problem": 1, "verdict": "WA", "submitted_at": "2022-07-13T12:13:08.904Z", "language": "cpp", "submission": "C:\\users\\pilla\\ojfiles\\submissions\\40\\trial.cpp"}}, {"model": "judge.submission", "pk": 41, "fields": {"problem": 1, "verdict": "AC", "submitted_at": "2022-07-13T12:15:24.515Z", "language": "cpp", "submission": "C:\\users\\pilla\\ojfiles\\submissions\\41\\trial.cpp"}}, {"model": "judge.submission", "pk": 42, "fields": {"problem": 1, "verdict": "WA", "submitted_at": "2022-07-13T12:16:44.780Z", "language": "cpp", "submission": "C:\\users\\pilla\\ojfiles\\submissions\\42\\trial1.cpp"}}, {"model": "judge.submission", "pk": 43, "fields": {"problem": 1, "verdict": "AC", "submitted_at": "2022-07-13T13:00:32.190Z", "language": "cpp", "submission": "C:\\users\\pilla\\ojfiles\\submissions\\43\\trial.cpp"}}, {"model": "judge.submission", "pk": 44, "fields": {"problem": 1, "verdict": "AC", "submitted_at": "2022-07-13T13:14:07.383Z", "language": "cpp", "submission": "C:\\users\\pilla\\ojfiles\\submissions\\44\\trial.cpp"}}, {"model": "judge.submission", "pk": 45, "fields": {"problem": 1, "verdict": "AC", "submitted_at": "2022-07-14T07:54:15.178Z", "language": "java", "submission": "C:\\users\\pilla\\ojfiles\\submissions\\45\\trial.java"}}, {"model": "judge.submission", "pk": 46, "fields": {"problem": 1, "verdict": "AC", "submitted_at": "2022-07-14T08:17:13.547Z", "language": "java", "submission": "C:\\users\\pilla\\ojfiles\\submissions\\46\\trial.java"}}, {"model": "judge.submission", "pk": 47, "fields": {"problem": 1, "verdict": "AC", "submitted_at": "2022-07-14T08:32:56.622Z", "language": "python", "submission": "C:\\users\\pilla\\ojfiles\\submissions\\47\\trial1.py"}}, {"model": "judge.submission", "pk": 48, "fields": {"problem": 1, "verdict": "AC", "submitted_at": "2022-07-14T08:33:54.257Z", "language": "python", "submission": "C:\\users\\pilla\\ojfiles\\submissions\\48\\trial1.py"}}, {"model": "judge.submission", "pk": 49, "fields": {"problem": 2, "verdict": "AC", "submitted_at": "2022-07-14T08:40:30.518Z", "language": "java", "submission": "C:\\users\\pilla\\ojfiles\\submissions\\49\\trial.java"}}, {"model": "judge.submission", "pk": 50, "fields": {"problem": 2, "verdict": "AC", "submitted_at": "2022-07-14T10:57:46.909Z", "language": "python", "submission": "C:\\users\\pilla\\ojfiles\\submissions\\50\\trial1_mm9sEFa.py"}}, {"model": "judge.submission", "pk": 51, "fields": {"problem": 2, "verdict": "AC", "submitted_at": "2022-07-14T11:07:40.081Z", "language": "python", "submission": "C:\\users\\pilla\\ojfiles\\submissions\\51\\trial1_8yA7bLM.py"}}, {"model": "judge.submission", "pk": 52, "fields": {"problem": 3, "verdict": "AC", "submitted_at": "2022-07-14T11:16:44.513Z", "language": "python", "submission": "C:\\users\\pilla\\ojfiles\\submissions\\52\\trial1.py"}}, {"model": "judge.submission", "pk": 53, "fields": {"problem": 3, "verdict": "AC", "submitted_at": "2022-07-14T11:16:58.129Z", "language": "python", "submission": "C:\\users\\pilla\\ojfiles\\submissions\\53\\trial1.py"}}, {"model": "judge.submission", "pk": 54, "fields": {"problem": 4, "verdict": "AC", "submitted_at": "2022-07-14T11:22:12.978Z", "language": "python", "submission": "C:\\users\\pilla\\ojfiles\\submissions\\54\\trial1_mFldElT.py"}}, {"model": "judge.submission", "pk": 55, "fields": {"problem": 4, "verdict": "AC", "submitted_at": "2022-07-14T11:25:06.661Z", "language": "python", "submission": "C:\\users\\pilla\\ojfiles\\submissions\\55\\trial1.py"}}, {"model": "judge.submission", "pk": 56, "fields": {"problem": 4, "verdict": "AC", "submitted_at": "2022-07-14T11:44:50.756Z", "language": "python", "submission": "C:\\users\\pilla\\ojfiles\\submissions\\56\\trial1.py"}}, {"model": "judge.submission", "pk": 57, "fields": {"problem": 1, "verdict": "AC", "submitted_at": "2022-07-14T11:57:11.739Z", "language": "python", "submission": "C:\\users\\pilla\\ojfiles\\submissions\\57\\trial1_awcmoEy.py"}}, {"model": "judge.submission", "pk": 58, "fields": {"problem": 1, "verdict": "AC", "submitted_at": "2022-07-14T11:57:31.344Z", "language": "python", "submission": "C:\\users\\pilla\\ojfiles\\submissions\\58\\trial1.py"}}, {"model": "judge.submission", "pk": 59, "fields": {"problem": 1, "verdict": "AC", "submitted_at": "2022-07-14T11:57:37.452Z", "language": "python", "submission": "C:\\users\\pilla\\ojfiles\\submissions\\59\\trial1.py"}}, {"model": "judge.submission", "pk": 60, "fields": {"problem": 1, "verdict": "AC", "submitted_at": "2022-07-14T12:02:20.746Z", "language": "python", "submission": "C:\\users\\pilla\\ojfiles\\submissions\\60\\trial1_cdk0FIZ.py"}}, {"model": "judge.submission", "pk": 61, "fields": {"problem": 4, "verdict": "AC", "submitted_at": "2022-07-14T12:03:00.659Z", "language": "python", "submission": "C:\\users\\pilla\\ojfiles\\submissions\\61\\trial1.py"}}, {"model": "judge.submission", "pk": 62, "fields": {"problem": 4, "verdict": "AC", "submitted_at": "2022-07-14T12:13:11.176Z", "language": "python", "submission": "C:\\users\\pilla\\ojfiles\\submissions\\62\\trial1.py"}}, {"model": "judge.submission", "pk": 63, "fields": {"problem": 5, "verdict": "WA", "submitted_at": "2022-07-14T12:19:19.637Z", "language": "python", "submission": "C:\\users\\pilla\\ojfiles\\submissions\\63\\trial1.py"}}, {"model": "judge.submission", "pk": 64, "fields": {"problem": 5, "verdict": "WA", "submitted_at": "2022-07-14T12:20:02.949Z", "language": "python", "submission": "C:\\users\\pilla\\ojfiles\\submissions\\64\\trial1.py"}}, {"model": "judge.submission", "pk": 65, "fields": {"problem": 5, "verdict": "WA", "submitted_at": "2022-07-14T12:22:38.573Z", "language": "python", "submission": "C:\\users\\pilla\\ojfiles\\submissions\\65\\trial1.py"}}, {"model": "judge.submission", "pk": 66, "fields": {"problem": 5, "verdict": "AC", "submitted_at": "2022-07-14T12:23:18.394Z", "language": "python", "submission": "C:\\users\\pilla\\ojfiles\\submissions\\66\\trial1.py"}}, {"model": "judge.submission", "pk": 67, "fields": {"problem": 5, "verdict": "AC", "submitted_at": "2022-07-14T12:26:32.460Z", "language": "cpp", "submission": "C:\\users\\pilla\\ojfiles\\submissions\\67\\trial.cpp"}}, {"model": "judge.submission", "pk": 68, "fields": {"problem": 5, "verdict": "AC", "submitted_at": "2022-07-14T12:32:34.090Z", "language": "cpp", "submission": "C:\\users\\pilla\\ojfiles\\submissions\\68\\trial.cpp"}}, {"model": "judge.submission", "pk": 69, "fields": {"problem": 5, "verdict": "AC", "submitted_at": "2022-07-14T12:32:55.684Z", "language": "python", "submission": "C:\\users\\pilla\\ojfiles\\submissions\\69\\trial1.py"}}, {"model": "judge.submission", "pk": 70, "fields": {"problem": 2, "verdict": "AC", "submitted_at": "2022-07-14T12:33:50.824Z", "language": "java", "submission": "C:\\users\\pilla\\ojfiles\\submissions\\70\\trial.java"}}, {"model": "judge.submission", "pk": 71, "fields": {"problem": 5, "verdict": "WA", "submitted_at": "2022-08-17T15:24:18.679Z", "language": "python", "submission": "C:\\users\\pilla\\ojfiles\\submissions\\71\\trial1.py"}}, {"model": "judge.submission", "pk": 72, "fields": {"problem": 5, "verdict": "AC", "submitted_at": "2022-08-17T15:28:38.220Z", "language": "cpp", "submission": "C:\\users\\pilla\\ojfiles\\submissions\\72\\trial.cpp"}}, {"model": "judge.testcase", "pk": 1, "fields": {"problem": 1, "input": "C:\\users\\pilla\\ojfiles\\testcases\\input\\in1.txt", "output": "C:\\users\\pilla\\ojfiles\\testcases\\output\\op1.txt"}}, {"model": "judge.testcase", "pk": 2, "fields": {"problem": 1, "input": "C:\\users\\pilla\\ojfiles\\testcases\\input\\in2.txt", "output": "C:\\users\\pilla\\ojfiles\\testcases\\output\\op2.txt"}}, {"model": "judge.testcase", "pk": 3, "fields": {"problem": 2, "input": "C:\\users\\pilla\\ojfiles\\testcases\\input\\in3.txt", "output": "C:\\users\\pilla\\ojfiles\\testcases\\output\\op3.txt"}}, {"model": "judge.testcase", "pk": 4, "fields": {"problem": 2, "input": "C:\\users\\pilla\\ojfiles\\testcases\\input\\in4.txt", "output": "C:\\users\\pilla\\ojfiles\\testcases\\output\\op4.txt"}}, {"model": "judge.testcase", "pk": 5, "fields": {"problem": 3, "input": "C:\\users\\pilla\\ojfiles\\testcases\\input\\in1.txt", "output": "C:\\users\\pilla\\ojfiles\\testcases\\output\\op5.txt"}}, {"model": "judge.testcase", "pk": 6, "fields": {"problem": 4, "input": "C:\\users\\pilla\\ojfiles\\testcases\\input\\in5.txt", "output": "C:\\users\\pilla\\ojfiles\\testcases\\output\\op6.txt"}}, {"model": "judge.testcase", "pk": 7, "fields": {"problem": 4, "input": "C:\\users\\pilla\\ojfiles\\testcases\\input\\in6.txt", "output": "C:\\users\\pilla\\ojfiles\\testcases\\output\\op7.txt"}}, {"model": "judge.testcase", "pk": 8, "fields": {"problem": 5, "input": "C:\\users\\pilla\\ojfiles\\testcases\\input\\in7.txt", "output": "C:\\users\\pilla\\ojfiles\\testcases\\output\\op8.txt"}}]